{"cameraMode":{"drawMode":0,"name":"Shaded","section":"Shading Mode"},"sceneLighting":true,"audioPlay":false,"sceneViewState":{"m_AlwaysRefresh":false,"showFog":true,"showSkybox":true,"showFlares":true,"showImageEffects":true,"showParticleSystems":true,"showVisualEffectGraphs":true,"m_FxEnabled":true},"in2DMode":false,"pivot":{"x":499.4120788574219,"y":321.8872375488281,"z":-272.9639587402344},"rotation":{"x":0.13577379286289216,"y":-0.007704646326601505,"z":0.012950041331350804,"w":0.9914153814315796},"size":12.386265754699707,"orthographic":false}